Name,Mean,MeanLB,MeanUB,Stddev,StddevLB,StddevUB
pv/persistent-vote/create,2.6054209161382216e-4,2.5930719335575433e-4,2.65588088453964e-4,6.604454177540478e-6,2.3924773611609836e-6,1.5410124460170048e-5
pv/persistent-vote/verify,7.560649521471827e-4,7.540829668953295e-4,7.58605457899558e-4,7.75512035084226e-6,6.244463171092321e-6,1.129233797568115e-5
npv/non-persistent-vote/n2=50/sigma=5.0e-3/create-win,4.198467241523858e-4,4.119006893582446e-4,4.319427722522472e-4,2.1437960740746573e-5,1.2953455411875906e-5,3.254711981498666e-5
npv/non-persistent-vote/n2=50/sigma=5.0e-3/create-lose,2.746752922528416e-4,2.741274172008946e-4,2.7522968135381537e-4,1.4481227493390514e-6,1.0319664289548533e-6,2.1515433515115557e-6
npv/non-persistent-vote/n2=50/sigma=5.0e-3/verify,1.6900518275558968e-3,1.687289146282525e-3,1.6922306320609735e-3,7.237108034975745e-6,5.4778300925695125e-6,1.0370890849891126e-5
npv/non-persistent-vote/n2=50/sigma=5.0e-3/sortition-check,5.445153852068808e-6,5.42685146583533e-6,5.472289303216666e-6,4.490710958094557e-8,3.3388510516949314e-8,6.438468643021382e-8
npv/non-persistent-vote/n2=50/sigma=1.0e-2/create-win,3.81103852156662e-4,3.8030041119461414e-4,3.821491339393122e-4,2.1440030755503584e-6,1.3788487947255187e-6,3.0026364378756514e-6
npv/non-persistent-vote/n2=50/sigma=1.0e-2/create-lose,2.601765589024008e-4,2.590380323852223e-4,2.6286737732966585e-4,3.834721672903017e-6,2.007447058929393e-6,7.262832195475409e-6
npv/non-persistent-vote/n2=50/sigma=1.0e-2/verify,1.6142424814147677e-3,1.6110229026465824e-3,1.6179827671606328e-3,1.067287075689551e-5,8.56387667357723e-6,1.452103800303492e-5
npv/non-persistent-vote/n2=50/sigma=1.0e-2/sortition-check,5.349604249614523e-6,5.325694200474968e-6,5.398152246089709e-6,7.095620086177075e-8,3.313344021190341e-8,1.2008079829205686e-7
npv/non-persistent-vote/n2=50/sigma=5.0e-2/create-win,4.0062399362312867e-4,3.997817291911527e-4,4.0137077608998743e-4,2.230885645279293e-6,1.7838296784493777e-6,2.928514081092135e-6
npv/non-persistent-vote/n2=50/sigma=5.0e-2/create-lose,2.743034129134946e-4,2.73662858445555e-4,2.750691927989794e-4,1.5441357893282755e-6,1.1748664522224108e-6,2.2953312253086884e-6
npv/non-persistent-vote/n2=50/sigma=5.0e-2/verify,1.6811080366097857e-3,1.6781164707156764e-3,1.6839488003935396e-3,9.323353258358428e-6,7.825525001325701e-6,1.1147548435393482e-5
npv/non-persistent-vote/n2=50/sigma=5.0e-2/sortition-check,6.104446638708548e-6,6.05544372578326e-6,6.207235713600175e-6,1.4425590591982766e-7,1.7404058994320052e-8,2.4985128744661786e-7
npv/non-persistent-vote/n2=50/sigma=0.1/create-win,4.2061151406561727e-4,4.1848050667744554e-4,4.243681861023931e-4,7.647416278558593e-6,5.0256827234913165e-6,1.1695098788387251e-5
npv/non-persistent-vote/n2=50/sigma=0.1/verify,1.7501149360293652e-3,1.7375121726674755e-3,1.7647186822300973e-3,4.2375942674479126e-5,3.516590026157738e-5,5.26997039536007e-5
npv/non-persistent-vote/n2=50/sigma=0.1/sortition-check,8.044444466047701e-6,7.973684128709054e-6,8.129533807114688e-6,1.6171104513969552e-7,1.261973844416263e-7,2.1583403045322785e-7
npv/non-persistent-vote/n2=50/sigma=0.25/create-win,4.201402951087285e-4,4.1796630295836925e-4,4.255144685871342e-4,8.799821850175456e-6,6.041278346842041e-6,1.3651804213337716e-5
npv/non-persistent-vote/n2=50/sigma=0.25/verify,1.7023600350886663e-3,1.6997217649436986e-3,1.7055194769968894e-3,9.180938840846996e-6,7.582659563816482e-6,1.185781733907505e-5
npv/non-persistent-vote/n2=50/sigma=0.25/sortition-check,1.4726466533706452e-5,1.4571314123050733e-5,1.4945442692860646e-5,3.9818817743058316e-7,2.886738390439767e-7,5.76898769594843e-7
npv/non-persistent-vote/n2=50/sigma=0.5/create-win,4.252447820072917e-4,4.225769005442625e-4,4.2894375794152263e-4,8.848505275629302e-6,6.2376303918644675e-6,1.0894523712780123e-5
npv/non-persistent-vote/n2=50/sigma=0.5/verify,1.7050921910957445e-3,1.7013218840444418e-3,1.7084219540032918e-3,1.2075423531669085e-5,9.822542097998627e-6,1.4604261788736262e-5
npv/non-persistent-vote/n2=50/sigma=0.5/sortition-check,2.417512754617884e-5,2.4131960889192263e-5,2.4227033079114155e-5,9.983961066116625e-8,7.466922047929808e-8,1.4527820227274948e-7
npv/non-persistent-vote/n2=70/sigma=5.0e-3/create-win,4.029292546895098e-4,4.0197351367548677e-4,4.03967209072153e-4,2.218963187408578e-6,1.7698400220642168e-6,2.779839017813857e-6
npv/non-persistent-vote/n2=70/sigma=5.0e-3/create-lose,2.7440457288677216e-4,2.734670156546142e-4,2.757265924848696e-4,2.6991878627702042e-6,1.9186323601291295e-6,3.807962990317072e-6
npv/non-persistent-vote/n2=70/sigma=5.0e-3/verify,1.6832455417807074e-3,1.6799351444436706e-3,1.6873226021100942e-3,1.1597919921723077e-5,9.156102544769578e-6,1.717700525996785e-5
npv/non-persistent-vote/n2=70/sigma=5.0e-3/sortition-check,5.501376060960644e-6,5.460454088130495e-6,5.5539003308527975e-6,9.806028357728646e-8,7.471296997445547e-8,1.2388078120580216e-7
npv/non-persistent-vote/n2=70/sigma=1.0e-2/create-win,4.111476709559769e-4,4.0762328703803133e-4,4.193113926771909e-4,1.3155316561464459e-5,6.969002475936148e-6,2.4301578016847276e-5
npv/non-persistent-vote/n2=70/sigma=1.0e-2/create-lose,2.7170734005035e-4,2.7086528702880883e-4,2.7307288364171656e-4,2.4316406934511215e-6,1.6625962038637037e-6,3.21637097633632e-6
npv/non-persistent-vote/n2=70/sigma=1.0e-2/verify,1.68327254194383e-3,1.6718625540399937e-3,1.7237104579205535e-3,6.229029297594396e-5,1.0146207541914963e-5,1.294632157347786e-4
npv/non-persistent-vote/n2=70/sigma=1.0e-2/sortition-check,4.967549954181407e-6,4.9595332262076964e-6,4.975356183904251e-6,1.6325782811014205e-8,1.264371773699127e-8,2.0791204564876396e-8
npv/non-persistent-vote/n2=70/sigma=5.0e-2/create-win,3.951064537881728e-4,3.939832521292453e-4,3.965622258417492e-4,3.47501661952865e-6,2.8269853146981424e-6,4.297189935889301e-6
npv/non-persistent-vote/n2=70/sigma=5.0e-2/create-lose,2.6921174272449827e-4,2.6627599405638886e-4,2.7392183466946185e-4,8.072296414101644e-6,5.417561844482957e-6,1.2723327037801379e-5
npv/non-persistent-vote/n2=70/sigma=5.0e-2/verify,1.6485796855668668e-3,1.6412186304583937e-3,1.6651683956878725e-3,3.392211879128469e-5,1.7557484820477355e-5,6.341903438349251e-5
npv/non-persistent-vote/n2=70/sigma=5.0e-2/sortition-check,6.45178049019377e-6,6.4244545133230776e-6,6.482361514951201e-6,6.237645465140962e-8,4.262106213682039e-8,9.49796569420892e-8
npv/non-persistent-vote/n2=70/sigma=0.1/create-win,3.7759582538732375e-4,3.769638647940318e-4,3.787335092262492e-4,2.323419270607154e-6,1.412661186975697e-6,3.5065319479917216e-6
npv/non-persistent-vote/n2=70/sigma=0.1/verify,1.5693930792861225e-3,1.5674238008144725e-3,1.5716968132202605e-3,7.057581570168521e-6,5.406609118831323e-6,9.177679237564874e-6
npv/non-persistent-vote/n2=70/sigma=0.1/sortition-check,8.752967740122042e-6,8.740154803953745e-6,8.766204624256011e-6,2.904233332622618e-8,2.2909338847162595e-8,3.6153351380753746e-8
npv/non-persistent-vote/n2=70/sigma=0.25/create-win,3.911206823298521e-4,3.90102001557228e-4,3.9323345727333497e-4,4.045640048337869e-6,2.3124182058425584e-6,7.066802215141526e-6
npv/non-persistent-vote/n2=70/sigma=0.25/verify,1.6061102631427134e-3,1.6021706433028075e-3,1.6122345413489413e-3,1.567382042176336e-5,1.0991997505453407e-5,2.3279200148209308e-5
npv/non-persistent-vote/n2=70/sigma=0.25/sortition-check,1.691533293750648e-5,1.688456856839885e-5,1.6982669270928402e-5,9.203047640964103e-8,4.589566078847019e-8,1.3195770898158455e-7
npv/non-persistent-vote/n2=70/sigma=0.5/create-win,4.0557672964112914e-4,4.0497224471023805e-4,4.068870398215407e-4,2.387367126019752e-6,1.3259660559447404e-6,4.149915932497703e-6
npv/non-persistent-vote/n2=70/sigma=0.5/verify,1.6364122649851608e-3,1.631321107411868e-3,1.6419979100373932e-3,1.705894397512124e-5,1.4112097249137687e-5,2.1797085839955225e-5
npv/non-persistent-vote/n2=70/sigma=0.5/sortition-check,3.0069929240521793e-5,2.9990745812137467e-5,3.0167263504504282e-5,1.8739141876923842e-7,1.1839239571836874e-7,2.809377588118194e-7
npv/non-persistent-vote/n2=90/sigma=5.0e-3/create-win,3.804115021757584e-4,3.797869992045091e-4,3.810001427426348e-4,1.3058519836743372e-6,9.82474065061584e-7,1.8346760797210884e-6
npv/non-persistent-vote/n2=90/sigma=5.0e-3/create-lose,2.613951699670594e-4,2.5984548987365166e-4,2.6467138178075123e-4,5.170942977821356e-6,2.692662455850135e-6,9.295550282545798e-6
npv/non-persistent-vote/n2=90/sigma=5.0e-3/verify,1.6159988747039267e-3,1.6102377912336043e-3,1.6233069471285925e-3,1.870883307095111e-5,1.5349262716456342e-5,2.44796095539698e-5
npv/non-persistent-vote/n2=90/sigma=5.0e-3/sortition-check,5.00840113760534e-6,4.994913704341727e-6,5.031487541541579e-6,3.8469319839274434e-8,2.1349397208741793e-8,6.345929196275879e-8
npv/non-persistent-vote/n2=90/sigma=1.0e-2/create-win,3.8415854563353364e-4,3.820416363115567e-4,3.8745636344748267e-4,6.712983556265193e-6,4.165832437168518e-6,9.205057787787728e-6
npv/non-persistent-vote/n2=90/sigma=1.0e-2/create-lose,2.603899058543158e-4,2.5947078536538447e-4,2.613202715973359e-4,2.0727757213741973e-6,1.7236546612795214e-6,2.5883291987921826e-6
npv/non-persistent-vote/n2=90/sigma=1.0e-2/verify,1.617534880931417e-3,1.613805421082311e-3,1.620879476055817e-3,1.179729595730988e-5,9.7267423361469e-6,1.5154351256606857e-5
npv/non-persistent-vote/n2=90/sigma=1.0e-2/sortition-check,4.949017976031728e-6,4.942986021149958e-6,4.9548296938174076e-6,1.3165626218437603e-8,1.0286842605679125e-8,1.7482597394016532e-8
npv/non-persistent-vote/n2=90/sigma=5.0e-2/create-win,3.8433224680542997e-4,3.833070875897675e-4,3.8704994075070036e-4,4.050027047603267e-6,2.4002090016174974e-6,7.69405256601349e-6
npv/non-persistent-vote/n2=90/sigma=5.0e-2/create-lose,2.623400983927339e-4,2.617964149173537e-4,2.6305958147722916e-4,1.2737421808281408e-6,8.532748022318934e-7,2.0324694855000812e-6
npv/non-persistent-vote/n2=90/sigma=5.0e-2/verify,1.6221032547156886e-3,1.618192286325377e-3,1.6267633802602456e-3,1.3667880968862111e-5,1.163285999498919e-5,1.655515347991611e-5
npv/non-persistent-vote/n2=90/sigma=5.0e-2/sortition-check,7.206894995722387e-6,7.190479854455935e-6,7.2405563447927904e-6,5.0275309501029386e-8,2.483925100187536e-8,9.243816507316577e-8
npv/non-persistent-vote/n2=90/sigma=0.1/create-win,3.8869621648401535e-4,3.872659583182842e-4,3.9107339792099816e-4,5.188541491695859e-6,3.180486811120171e-6,8.573977658241272e-6
npv/non-persistent-vote/n2=90/sigma=0.1/verify,1.6179351305492533e-3,1.6150646854289122e-3,1.6224442280542168e-3,1.1470913330335183e-5,9.314660073498045e-6,1.4698323861331076e-5
npv/non-persistent-vote/n2=90/sigma=0.1/sortition-check,1.0395413273912621e-5,1.029573107176954e-5,1.0619483509758684e-5,3.1416027512000704e-7,6.928147848853727e-8,5.273251684539931e-7
npv/non-persistent-vote/n2=90/sigma=0.25/create-win,4.058601687369274e-4,4.0450843794806576e-4,4.078254699658297e-4,4.690589784876322e-6,3.7092532058454513e-6,6.5801051484112755e-6
npv/non-persistent-vote/n2=90/sigma=0.25/verify,1.6475661446217482e-3,1.6419415541343236e-3,1.6570194776537428e-3,2.2780616748419187e-5,1.426506269723486e-5,4.202036679770567e-5
npv/non-persistent-vote/n2=90/sigma=0.25/sortition-check,2.141710449446815e-5,2.1292920338219672e-5,2.1615513009476648e-5,3.388232803724584e-7,2.0120356372951023e-7,4.584899377741309e-7
npv/non-persistent-vote/n2=90/sigma=0.5/create-win,4.215527534656298e-4,4.197127511936949e-4,4.2496995796818907e-4,7.139508140205076e-6,3.989135329587563e-6,1.251668416638828e-5
npv/non-persistent-vote/n2=90/sigma=0.5/verify,1.6621800770157996e-3,1.6579378542821992e-3,1.6658836844810165e-3,1.3158678550506516e-5,1.0763650440984726e-5,1.6288495150784392e-5
npv/non-persistent-vote/n2=90/sigma=0.5/sortition-check,3.8175744677342115e-5,3.808656504829698e-5,3.826241623739402e-5,1.8634462605461982e-7,1.4987152798691037e-7,2.3741610896974143e-7
npv/non-persistent-vote/n2=110/sigma=5.0e-3/create-win,3.8209147465514487e-4,3.808966247599401e-4,3.8362090699973746e-4,3.193752852368929e-6,2.1918017613171116e-6,5.427654718788776e-6
npv/non-persistent-vote/n2=110/sigma=5.0e-3/create-lose,2.601675650639097e-4,2.5947147614199416e-4,2.6117110711244243e-4,1.9287048559277876e-6,1.2697882408471748e-6,2.9606379529887798e-6
npv/non-persistent-vote/n2=110/sigma=5.0e-3/verify,1.6182051685930561e-3,1.6144232005736426e-3,1.6233044264208814e-3,1.3694977399369591e-5,1.027044131709263e-5,2.079897121879044e-5
npv/non-persistent-vote/n2=110/sigma=5.0e-3/sortition-check,5.234250956834917e-6,5.220966300946771e-6,5.2446853622470024e-6,2.7419388169446218e-8,1.9274192273617565e-8,4.0856136752862196e-8
npv/non-persistent-vote/n2=110/sigma=1.0e-2/create-win,3.9621379643224494e-4,3.949917077843435e-4,3.9738096756940266e-4,3.3688922960086436e-6,2.6529797500021268e-6,4.598556340745696e-6
npv/non-persistent-vote/n2=110/sigma=1.0e-2/create-lose,2.706655656069814e-4,2.6928742381918493e-4,2.716062116066463e-4,2.563806483783067e-6,1.6768051565946314e-6,3.3720277113908383e-6
npv/non-persistent-vote/n2=110/sigma=1.0e-2/verify,1.6621086855524814e-3,1.6564935290967792e-3,1.6666237362593945e-3,1.620558894549869e-5,1.31522439499821e-5,1.928772240818872e-5
npv/non-persistent-vote/n2=110/sigma=1.0e-2/sortition-check,5.187596076980475e-6,5.128140124097446e-6,5.236693120619302e-6,1.1768598692500011e-7,8.955507683915146e-8,1.580562698663257e-7
npv/non-persistent-vote/n2=110/sigma=5.0e-2/create-win,3.9905015093755214e-4,3.978638534883116e-4,4.001464477741433e-4,3.258763364001434e-6,2.6929894956198528e-6,4.364988749661117e-6
npv/non-persistent-vote/n2=110/sigma=5.0e-2/verify,1.6667532451763965e-3,1.6609045866862796e-3,1.6731461661942631e-3,2.036613073073551e-5,1.5985206303330932e-5,3.0732977790913913e-5
npv/non-persistent-vote/n2=110/sigma=5.0e-2/sortition-check,8.096095554865539e-6,8.008161924784015e-6,8.145608984533021e-6,1.3944043365981653e-7,8.192031382920325e-8,1.9869054479692558e-7
npv/non-persistent-vote/n2=110/sigma=0.1/create-win,3.8416512101772953e-4,3.83726918615837e-4,3.846126655254074e-4,1.3068738690792506e-6,1.0255326483317083e-6,1.7557846708563987e-6
npv/non-persistent-vote/n2=110/sigma=0.1/verify,1.607557895116613e-3,1.6043061382927635e-3,1.6121818974536503e-3,1.2572740478610041e-5,8.642690032226292e-6,1.7795991785237177e-5
npv/non-persistent-vote/n2=110/sigma=0.1/sortition-check,1.2149396713856645e-5,1.2118234445365209e-5,1.219213104872286e-5,7.747505717291645e-8,5.673796982106618e-8,1.1594526086789874e-7
npv/non-persistent-vote/n2=110/sigma=0.25/create-win,4.021601324621584e-4,4.012142760331836e-4,4.033006490870557e-4,3.0359404002741795e-6,2.313561809611204e-6,4.103604162177722e-6
npv/non-persistent-vote/n2=110/sigma=0.25/verify,1.653319754084685e-3,1.648511326904276e-3,1.65955047233722e-3,1.8194204490245723e-5,1.4033525494899346e-5,2.325844903775152e-5
npv/non-persistent-vote/n2=110/sigma=0.25/sortition-check,2.4856538529546305e-5,2.4770930444640465e-5,2.5012846673001498e-5,2.3717044767916722e-7,1.3961768103339965e-7,4.242189878576858e-7
npv/non-persistent-vote/n2=110/sigma=0.5/create-win,4.2596012213940435e-4,4.243165855707821e-4,4.2838877866228014e-4,5.6436429532524445e-6,4.1178832521259705e-6,7.848881842761682e-6
npv/non-persistent-vote/n2=110/sigma=0.5/verify,1.665976194835471e-3,1.6623446022918952e-3,1.6697310100312526e-3,1.2099571228208134e-5,1.0046956431507154e-5,1.5140637502442104e-5
npv/non-persistent-vote/n2=110/sigma=0.5/sortition-check,4.530082673494477e-5,4.515519411427381e-5,4.551717451928845e-5,3.7596287578539027e-7,2.5373724785753193e-7,5.261998062416791e-7
npv/non-persistent-vote/n2=130/sigma=5.0e-3/create-win,3.8267585509830636e-4,3.8053554138846584e-4,3.868536659350697e-4,7.188292262998085e-6,4.16861076401403e-6,1.0008635056917336e-5
npv/non-persistent-vote/n2=130/sigma=5.0e-3/create-lose,2.596098356487176e-4,2.586882649802612e-4,2.6086909736429057e-4,2.3903401819314777e-6,1.7930636659099561e-6,3.378334422426474e-6
npv/non-persistent-vote/n2=130/sigma=5.0e-3/verify,1.62345442548698e-3,1.6180482961939836e-3,1.6312483630362882e-3,2.0703615226403803e-5,1.473223763114638e-5,2.8577357841978865e-5
npv/non-persistent-vote/n2=130/sigma=5.0e-3/sortition-check,5.199228157145429e-6,5.156261600606666e-6,5.241218315513178e-6,9.010009531520184e-8,7.501675768138043e-8,1.1056342644702187e-7
npv/non-persistent-vote/n2=130/sigma=1.0e-2/create-win,4.065137005982361e-4,4.043653598630115e-4,4.1212427776253106e-4,8.786229530998036e-6,4.2795507272606635e-6,1.616097359942587e-5
npv/non-persistent-vote/n2=130/sigma=1.0e-2/create-lose,2.646067676427811e-4,2.625313325774764e-4,2.6815895026134363e-4,5.784880535865683e-6,3.0027411909074876e-6,9.400961732509172e-6
npv/non-persistent-vote/n2=130/sigma=1.0e-2/verify,1.6396948171962672e-3,1.6331506398571485e-3,1.6470939484291868e-3,2.4001985276754016e-5,1.7550382957137853e-5,3.1730272407445386e-5
npv/non-persistent-vote/n2=130/sigma=1.0e-2/sortition-check,5.113267101939307e-6,5.099965348189169e-6,5.1270998151181936e-6,2.861562740713149e-8,2.2156043024081653e-8,3.775728566740527e-8
npv/non-persistent-vote/n2=130/sigma=5.0e-2/create-win,3.8473034083089764e-4,3.8420879474977416e-4,3.85347806335533e-4,1.5623598273995689e-6,1.2166676624846269e-6,1.919959706336745e-6
npv/non-persistent-vote/n2=130/sigma=5.0e-2/verify,1.6252317741328134e-3,1.6210947959310648e-3,1.628513179527473e-3,1.2113610564767279e-5,9.666368478292534e-6,1.5568976975287526e-5
npv/non-persistent-vote/n2=130/sigma=5.0e-2/sortition-check,8.570913409253257e-6,8.554339622624618e-6,8.606070901281645e-6,4.7594694264483026e-8,2.600705538290409e-8,7.859173130879674e-8
npv/non-persistent-vote/n2=130/sigma=0.1/create-win,3.917517591298342e-4,3.906871278262288e-4,3.9332299161054973e-4,3.661721108623875e-6,2.5051475708857296e-6,5.113291790596354e-6
npv/non-persistent-vote/n2=130/sigma=0.1/verify,1.635406038787863e-3,1.632219726634979e-3,1.6391041166535076e-3,1.1555474427070534e-5,8.628073910107317e-6,1.656663553053294e-5
npv/non-persistent-vote/n2=130/sigma=0.1/sortition-check,1.3546609311854236e-5,1.3512258731092202e-5,1.3624460454473885e-5,1.0646631524261055e-7,4.3916540290639736e-8,1.8151301048572475e-7
npv/non-persistent-vote/n2=130/sigma=0.25/create-win,4.049333380927967e-4,4.041554466620749e-4,4.0595793607326445e-4,2.5438566407717886e-6,1.919414683667313e-6,3.675136705131857e-6
npv/non-persistent-vote/n2=130/sigma=0.25/verify,1.6391665647093913e-3,1.6360575378614945e-3,1.6428324624473006e-3,1.1092866663272863e-5,8.661864757108097e-6,1.4295842058915097e-5
npv/non-persistent-vote/n2=130/sigma=0.25/sortition-check,2.8704906421114708e-5,2.8537856348815997e-5,2.907851098668808e-5,5.100923758654044e-7,2.253885011857627e-7,8.65233297370461e-7
npv/non-persistent-vote/n2=130/sigma=0.5/create-win,4.3177632005007106e-4,4.3096332252306075e-4,4.3371695218249985e-4,3.451076838767981e-6,1.914250108439928e-6,6.242219510551503e-6
npv/non-persistent-vote/n2=130/sigma=0.5/verify,1.672480482342527e-3,1.668473866837687e-3,1.678029394967383e-3,1.549632696809692e-5,1.211245282874586e-5,1.962553121163966e-5
npv/non-persistent-vote/n2=130/sigma=0.5/sortition-check,5.3647033585117675e-5,5.3501417943907505e-5,5.391075303028147e-5,3.869412434579425e-7,2.1799035817000257e-7,6.474536610526848e-7
npv/non-persistent-vote/n2=150/sigma=5.0e-3/create-win,3.791921440003281e-4,3.7875012393995066e-4,3.7999005896792e-4,1.5768526709102908e-6,9.721825375803557e-7,2.6402043572544095e-6
npv/non-persistent-vote/n2=150/sigma=5.0e-3/create-lose,2.5837141564708996e-4,2.5804605483053817e-4,2.586475853147547e-4,6.501278044080268e-7,5.18024716316718e-7,8.098296818323762e-7
npv/non-persistent-vote/n2=150/sigma=5.0e-3/verify,1.614737011155819e-3,1.6103763548564734e-3,1.6199036940471234e-3,1.4144204800770874e-5,1.0214770582484999e-5,1.856313686563021e-5
npv/non-persistent-vote/n2=150/sigma=5.0e-3/sortition-check,5.038967990511582e-6,4.9932487945948675e-6,5.101776786782818e-6,1.1279473379762907e-7,7.326299182692439e-8,1.397372821617923e-7
npv/non-persistent-vote/n2=150/sigma=1.0e-2/create-win,3.9894823013175923e-4,3.974089826554802e-4,4.002684070886241e-4,3.7429209868737245e-6,2.9982858365882174e-6,5.022090428919158e-6
npv/non-persistent-vote/n2=150/sigma=1.0e-2/create-lose,2.720035103373578e-4,2.7144144259939114e-4,2.725547523542709e-4,1.1749575830960147e-6,9.233251925980168e-7,1.5038847228559776e-6
npv/non-persistent-vote/n2=150/sigma=1.0e-2/verify,1.6762977566029417e-3,1.6706599619066532e-3,1.6814820244440503e-3,1.6975327109504186e-5,1.2785550532484325e-5,2.362829757488505e-5
npv/non-persistent-vote/n2=150/sigma=1.0e-2/sortition-check,5.373914723089903e-6,5.361874546490494e-6,5.3911309104334814e-6,3.112724510407806e-8,2.2873770896973675e-8,5.1152712866773847e-8
npv/non-persistent-vote/n2=150/sigma=5.0e-2/create-win,3.9865040038756605e-4,3.9741151176900415e-4,3.9987591570569313e-4,3.5091526183142468e-6,2.751682922008316e-6,4.542042410709122e-6
npv/non-persistent-vote/n2=150/sigma=5.0e-2/verify,1.6632656400015788e-3,1.6578538623268034e-3,1.6672350407835406e-3,1.471125651235197e-5,1.1713085787164019e-5,1.8153507684424e-5
npv/non-persistent-vote/n2=150/sigma=5.0e-2/sortition-check,9.77742993893541e-6,9.67899465179182e-6,9.972629033507166e-6,2.857284006144655e-7,1.431664130490986e-7,4.733385698528616e-7
npv/non-persistent-vote/n2=150/sigma=0.1/create-win,4.071805434065289e-4,4.0555771038410584e-4,4.0905962729819795e-4,4.932609937467794e-6,3.973973229078887e-6,5.694594264464324e-6
npv/non-persistent-vote/n2=150/sigma=0.1/verify,1.6886072641971038e-3,1.6824064857139606e-3,1.6945256537139884e-3,1.9239178512400168e-5,1.709555804223156e-5,2.133528866188547e-5
npv/non-persistent-vote/n2=150/sigma=0.1/sortition-check,1.5805533646763913e-5,1.572500142040093e-5,1.5888197029919873e-5,1.8683915399410664e-7,1.5302475288726212e-7,2.4040176422696354e-7
npv/non-persistent-vote/n2=150/sigma=0.25/create-win,4.2961858952347636e-4,4.2730500238978504e-4,4.326405599815113e-4,7.652806976178308e-6,5.794876376837051e-6,1.0890437726409031e-5
npv/non-persistent-vote/n2=150/sigma=0.25/verify,1.70135111496236e-3,1.6977468659258696e-3,1.7043871755123823e-3,1.107197762993358e-5,9.141726749701559e-6,1.3374708057663123e-5
npv/non-persistent-vote/n2=150/sigma=0.25/sortition-check,3.334846888175394e-5,3.32383622495692e-5,3.347037502763986e-5,2.5387865642146426e-7,1.9094535370909755e-7,3.6223049454017215e-7
npv/non-persistent-vote/n2=150/sigma=0.5/create-win,4.5920983256249315e-4,4.575243062976531e-4,4.6096883694541686e-4,5.029301954582977e-6,4.0713011270492624e-6,6.29823614182881e-6
npv/non-persistent-vote/n2=150/sigma=0.5/verify,1.7264997270088906e-3,1.722726948918538e-3,1.7305492075832675e-3,1.2977332249636052e-5,1.0984500673860195e-5,1.6217964443106175e-5
npv/non-persistent-vote/n2=150/sigma=0.5/sortition-check,6.391042869483746e-5,6.369592879775415e-5,6.406883249186602e-5,3.808047284454293e-7,2.9460084160701053e-7,5.186788794950415e-7
